{"_wandb":{"runtime":0},"_timestamp":1.7322862623669648e+09,"_runtime":0.480105537,"_step":7,"acc":0.897198229148919,"loss":0.1787293316137774}