{"_runtime":0.430933308,"_step":7,"_wandb":{"runtime":0},"acc":0.8479220473255763,"loss":0.21360441350683174,"_timestamp":1.7322865013559089e+09}